employee_id,name,department,role,email,hire_date,salary_usd,kpi_rating,projects_active,attrition_risk,location
EMP0001,Katherine Mills,Finance,Fisheries officer,ihill@davis.com,2024-02-05,51556,Needs Improvement,2,Low,Abu Dhabi
EMP0002,Samuel Watts,Finance,Nature conservation officer,khill@powers.net,2021-05-21,67790,Critical,1,Low,Dubai
EMP0003,Richard Martin,Operations,Police officer,alison04@koch-garcia.net,2023-02-15,105990,Exceeds Expectations,5,Low,Remote
EMP0004,Aaron Berg,Operations,Aeronautical engineer,colemannicole@wilkinson.info,2020-07-30,162757,Needs Improvement,1,Low,Remote
EMP0005,Jennifer Martinez,Sales,"Designer, jewellery",john38@cole.biz,2023-02-17,117842,Meets Expectations,2,Medium,Dubai
EMP0006,Charles Ramirez Jr.,Finance,Building control surveyor,xcase@french-meyer.info,2022-11-04,144595,Exceeds Expectations,3,Medium,Riyadh
EMP0007,Samantha Martin,Engineering,Counsellor,millercrystal@ruiz.com,2023-11-17,165435,Exceeds Expectations,4,Low,Riyadh
EMP0008,Breanna Hill,Procurement,"Pharmacist, hospital",mark97@miller-flores.com,2026-02-10,139800,Meets Expectations,6,Low,Dubai
EMP0009,Adrian Smith,Operations,"Horticulturist, amenity",christina05@miller.org,2022-12-10,120861,Exceeds Expectations,2,Low,Remote
EMP0010,Steven Torres IV,AI Research,Actuary,stevenwright@davis.com,2019-06-28,163858,Needs Improvement,2,Medium,Riyadh
EMP0011,Jason Wood,Operations,Air broker,elaine65@valenzuela.com,2019-06-01,114986,Exceeds Expectations,5,High,Abu Dhabi
EMP0012,Carl Bradshaw,Marketing,Newspaper journalist,webstermorgan@wood.org,2019-05-01,109175,Meets Expectations,4,Medium,Riyadh
EMP0013,Ms. Shannon Burton,Marketing,Transport planner,jacqueline34@nguyen.com,2021-12-26,102570,Needs Improvement,1,Low,Dubai
EMP0014,Claire Shelton,Sales,Office manager,cwilson@adams.com,2024-11-09,150162,Needs Improvement,1,Low,Riyadh
EMP0015,Angel Taylor,Operations,Catering manager,zachary81@valdez-english.com,2025-05-20,175870,Critical,6,Medium,Abu Dhabi
EMP0016,Justin Vargas,AI Research,"Journalist, broadcasting",robin72@martinez.com,2021-10-19,81603,Meets Expectations,6,High,Riyadh
EMP0017,Jessica Clark,Procurement,Fish farm manager,solomonbrooke@beltran.biz,2024-06-05,157311,Critical,3,Low,Abu Dhabi
EMP0018,Pamela Nichols,Marketing,Aeronautical engineer,pamelaphillips@foster-oliver.com,2018-07-18,174372,Exceeds Expectations,1,Low,Abu Dhabi
EMP0019,Evan Lopez,HR,Fisheries officer,houstonjessica@young.com,2024-02-06,155666,Exceeds Expectations,4,Medium,Remote
EMP0020,Norman Blanchard,Marketing,Sport and exercise psychologist,nguyenalejandro@baker-woods.com,2021-01-04,110906,Exceeds Expectations,6,High,Dubai
EMP0021,Stephen Campos,Marketing,Ranger/warden,sullivanpeter@smith-ramos.net,2024-10-05,114946,Needs Improvement,1,Medium,Remote
EMP0022,Sara Pham,HR,"Engineer, agricultural",amoore@carpenter.org,2021-06-05,163940,Exceeds Expectations,6,High,Riyadh
EMP0023,Margaret Martin,Marketing,Banker,amanda83@williams-tucker.biz,2020-10-28,91832,Exceeds Expectations,6,Medium,Abu Dhabi
EMP0024,Angela Sanchez,HR,Production manager,claytonmatthew@fields-davis.info,2021-07-07,143019,Meets Expectations,5,High,Dubai
EMP0025,Jonathan Jones,Procurement,"Engineer, drilling",josephmccall@ford-morgan.com,2025-06-30,129975,Critical,1,Low,Riyadh
EMP0026,Madeline Maldonado,AI Research,Probation officer,bhill@jordan.com,2024-03-27,107770,Exceeds Expectations,2,High,Dubai
EMP0027,Antonio Koch,Finance,Electronics engineer,xwhite@gutierrez.org,2025-02-02,172399,Exceeds Expectations,5,Low,Abu Dhabi
EMP0028,Chris Welch,Product,"Investment banker, corporate",ewilliams@smith.org,2020-10-15,88287,Needs Improvement,5,High,Remote
EMP0029,Lance Torres,Operations,Scientific laboratory technician,morrisonmichael@nash.net,2024-01-27,97730,Needs Improvement,4,High,Riyadh
EMP0030,Troy Porter,Product,Amenity horticulturist,wlong@mitchell-keller.com,2025-09-04,163354,Exceeds Expectations,2,Low,Dubai
EMP0031,Cheryl Fischer,Sales,Interior and spatial designer,mark31@anderson.com,2023-07-18,50514,Meets Expectations,5,Low,Dubai
EMP0032,Dr. Leah Velez,Finance,Commercial art gallery manager,matthewrichards@shaw-holloway.com,2022-10-26,60433,Meets Expectations,1,Low,Riyadh
EMP0033,Lisa Willis,Finance,Waste management officer,aclark@roach.com,2019-12-16,179782,Meets Expectations,3,High,Remote
EMP0034,Carl Wilson,Operations,Production manager,iflores@johnson-montgomery.info,2024-05-15,79684,Critical,2,Medium,Remote
EMP0035,Leah Perry,Operations,"Administrator, Civil Service",jonesmark@roberson-wood.com,2019-12-05,69726,Exceeds Expectations,6,Medium,Riyadh
EMP0036,Michael Henderson,Legal,Advertising art director,john30@rogers-fuller.com,2025-03-05,152767,Critical,6,Low,Dubai
EMP0037,Cody Smith,Engineering,"Programmer, multimedia",pameladavis@kim-banks.com,2025-05-03,150544,Needs Improvement,1,Low,Abu Dhabi
EMP0038,Alexander Martin,Operations,"Engineer, petroleum",michellewilliams@shea-hampton.com,2018-06-05,162601,Meets Expectations,4,Low,Riyadh
EMP0039,Donna Ross,Product,Science writer,qhuff@savage.com,2019-05-19,110485,Exceeds Expectations,4,High,Dubai
EMP0040,Mark Durham,Engineering,Claims inspector/assessor,diazamy@green.com,2018-06-25,48868,Exceeds Expectations,2,Low,Remote
EMP0041,Victor Montoya,Product,Equities trader,troy22@gonzalez.info,2020-01-27,171185,Meets Expectations,4,Low,Abu Dhabi
EMP0042,April Gonzalez,Legal,Chartered management accountant,jaime04@drake.com,2026-01-22,45565,Critical,3,Medium,Riyadh
EMP0043,Edward Contreras,Legal,Radio broadcast assistant,ysexton@bradshaw-davis.com,2024-08-16,172577,Meets Expectations,2,Medium,Abu Dhabi
EMP0044,Nancy Cooper,Engineering,Radio producer,steinstephanie@giles.com,2020-01-02,60979,Needs Improvement,1,Low,Remote
EMP0045,Jamie Armstrong,Marketing,Maintenance engineer,christopher72@heath-barnes.com,2023-05-06,86270,Exceeds Expectations,5,Low,Abu Dhabi
EMP0046,Ashley Levy,Finance,Catering manager,whiteheadjacqueline@martinez-perez.com,2026-01-15,62815,Meets Expectations,4,Low,Abu Dhabi
EMP0047,Jennifer Haas,Procurement,Dealer,hughesjoseph@stone.com,2024-02-16,55418,Exceeds Expectations,4,High,Riyadh
EMP0048,Nicholas Dixon,AI Research,"Engineer, petroleum",vsteele@villa.com,2023-07-05,98545,Needs Improvement,2,Medium,Remote
EMP0049,Lee Gross,HR,Building control surveyor,oallen@blake.net,2019-03-18,123642,Critical,3,Low,Dubai
EMP0050,Veronica Acosta,Product,"Scientist, physiological",morrisonronald@jones-riley.com,2021-05-02,71209,Exceeds Expectations,5,Low,Riyadh
EMP0051,Julie Lopez,HR,Public relations account executive,james90@mcknight-camacho.net,2022-09-03,136490,Exceeds Expectations,2,Medium,Riyadh
EMP0052,Omar Jensen,HR,"Geologist, engineering",mendozanicholas@curtis.com,2024-11-13,159867,Needs Improvement,5,High,Dubai
EMP0053,Ashley Bradley,Marketing,Brewing technologist,makayla39@gonzalez.info,2021-05-31,123480,Exceeds Expectations,2,Medium,Dubai
EMP0054,Mark Baldwin,Finance,Astronomer,rsanders@silva-patterson.com,2022-01-05,85749,Needs Improvement,3,High,Abu Dhabi
EMP0055,Janice Summers,Sales,"Librarian, public",laurie74@palmer.com,2021-06-04,98371,Needs Improvement,5,Medium,Riyadh
EMP0056,Tina Henderson,Engineering,"Accountant, chartered management",michelle64@white-edwards.com,2023-06-15,69195,Critical,3,Low,Dubai
EMP0057,Roger Whitney,Sales,Veterinary surgeon,icook@hernandez-wallace.org,2018-05-19,79293,Needs Improvement,2,High,Remote
EMP0058,Pamela Rogers,Marketing,"Psychologist, occupational",wilsonsierra@terry.com,2019-10-05,157115,Exceeds Expectations,1,Low,Abu Dhabi
EMP0059,Rhonda Hill,Marketing,Systems developer,debra65@schneider.com,2022-01-27,54444,Needs Improvement,5,High,Abu Dhabi
EMP0060,Stephen Travis,Legal,"Editor, film/video",michelle90@wade.biz,2020-03-31,78409,Exceeds Expectations,3,Medium,Dubai
EMP0061,Collin Cooper,Sales,Landscape architect,churchzachary@mendez.org,2018-07-06,100070,Meets Expectations,6,Low,Riyadh
EMP0062,Sara Myers,Marketing,Outdoor activities/education manager,danielsloan@fields.org,2025-08-23,151529,Meets Expectations,2,Low,Abu Dhabi
EMP0063,Caroline Trevino,Legal,Trading standards officer,wallacescott@snyder.com,2024-06-07,51497,Meets Expectations,6,Medium,Remote
EMP0064,Bailey Downs,Operations,"Engineer, land",jonescharles@obrien.info,2020-02-03,114941,Meets Expectations,6,Low,Remote
EMP0065,Mrs. Tammy Chapman,Engineering,Ceramics designer,chorne@martinez-ellis.biz,2021-08-18,168388,Meets Expectations,2,Medium,Riyadh
EMP0066,John Ross,AI Research,"Producer, radio",torreslisa@blake.org,2020-01-06,104662,Meets Expectations,1,High,Abu Dhabi
EMP0067,Carol Jacobs,Legal,"Editor, commissioning",ynovak@miller-guzman.com,2025-02-15,131051,Needs Improvement,1,Medium,Riyadh
EMP0068,Donald Perkins,Marketing,Trading standards officer,scottdevon@woods.org,2024-10-03,149773,Needs Improvement,1,Low,Riyadh
EMP0069,Paula Carson,HR,Barrister,johnsonmary@phelps-pugh.biz,2025-05-14,114590,Exceeds Expectations,1,High,Remote
EMP0070,Christine Carter,Sales,Orthoptist,ybailey@yu-jordan.org,2023-01-17,127228,Critical,5,High,Dubai
EMP0071,Cole Holmes,Legal,Theatre director,gherman@bishop-martinez.com,2025-07-29,94828,Needs Improvement,1,High,Remote
EMP0072,Kari Norris,Engineering,Mechanical engineer,ecooper@harris-lee.biz,2021-07-14,96651,Needs Improvement,4,Low,Riyadh
EMP0073,Ryan Hamilton,Procurement,"Scientist, water quality",david58@moore.org,2019-09-04,127291,Exceeds Expectations,6,Medium,Riyadh
EMP0074,John Smith,Legal,Computer games developer,alan41@hamilton.com,2021-02-17,130506,Critical,6,Medium,Abu Dhabi
EMP0075,Andrew Owen,Operations,Chief Operating Officer,keith80@compton.com,2022-11-30,155217,Critical,6,High,Abu Dhabi
EMP0076,Robert Davis II,Procurement,"Nurse, learning disability",qharris@thomas-oliver.com,2025-08-25,123892,Critical,5,Low,Riyadh
EMP0077,Dr. Christina Coleman DDS,AI Research,Press sub,klopez@burns-kennedy.com,2021-01-05,100098,Critical,5,High,Riyadh
EMP0078,Danielle Luna,Product,Tax adviser,sweeneycarlos@tapia-webb.com,2025-11-09,160811,Critical,6,Low,Remote
EMP0079,Miss Shelley Reed,HR,Financial manager,ehayes@robinson.com,2020-10-02,67228,Needs Improvement,5,High,Riyadh
EMP0080,Toni Cole,Finance,Farm manager,vbrewer@taylor.info,2024-01-28,106569,Needs Improvement,2,Low,Abu Dhabi
EMP0081,Karen Bell,Engineering,Medical secretary,ejohnson@holt.info,2026-01-05,57114,Meets Expectations,4,High,Dubai
EMP0082,Lauren Cuevas,Product,Secondary school teacher,reedmackenzie@moore-ramos.org,2021-07-27,153643,Meets Expectations,6,High,Remote
EMP0083,Christopher Swanson,Product,Sports development officer,kristen80@harris-montgomery.net,2024-12-05,149766,Meets Expectations,2,High,Dubai
EMP0084,Pamela Gilmore,Finance,Medical technical officer,lhughes@davis.com,2023-05-06,156449,Meets Expectations,2,High,Remote
EMP0085,Jessica Webb,Engineering,Aid worker,gilesdavid@alvarado.com,2019-04-27,110325,Exceeds Expectations,4,Low,Remote
EMP0086,Jessica Morris,Marketing,"Horticulturist, commercial",jason87@taylor-hill.com,2018-07-30,128177,Critical,5,High,Remote
EMP0087,Thomas Moore,Marketing,"Engineer, water",moralesrichard@thompson.com,2026-02-16,161893,Meets Expectations,6,Medium,Remote
EMP0088,Steven Garcia,AI Research,Hospital doctor,brittanywilliams@johnson-grant.com,2023-11-29,109812,Needs Improvement,5,Medium,Abu Dhabi
EMP0089,Barbara Hopkins,AI Research,Tax inspector,butlercheryl@johnson.com,2023-10-03,160309,Exceeds Expectations,6,Medium,Abu Dhabi
EMP0090,Diane Lara,AI Research,"Pilot, airline",crandall@kim.com,2023-10-17,133040,Needs Improvement,5,Low,Abu Dhabi
EMP0091,Maria Simmons,HR,Diagnostic radiographer,myersalyssa@kim.com,2023-10-25,105623,Critical,6,Low,Abu Dhabi
EMP0092,Steven Mcbride,Finance,"Radiographer, therapeutic",jennifermartinez@ellis.com,2019-07-24,153755,Critical,3,High,Remote
EMP0093,Jean Clark,Legal,Sub,wilkinsdavid@miranda-stanton.biz,2024-02-25,61322,Meets Expectations,4,Medium,Dubai
EMP0094,Ralph Woods,Procurement,"Engineer, control and instrumentation",orobertson@rodriguez.org,2021-06-29,144714,Critical,1,Medium,Riyadh
EMP0095,Robert Graham,Legal,TEFL teacher,sethward@hinton.net,2024-07-08,154843,Meets Expectations,4,Low,Riyadh
EMP0096,Morgan Wallace,Legal,"Investment banker, operational",markcompton@stewart.com,2023-04-09,172308,Exceeds Expectations,4,Medium,Remote
EMP0097,Tara Green,HR,Armed forces operational officer,emilypatterson@wilson.biz,2023-09-16,167523,Meets Expectations,5,High,Dubai
EMP0098,Terry Zuniga,Legal,"Conservation officer, nature",valerie02@nelson-chavez.net,2025-09-09,52104,Exceeds Expectations,6,Medium,Abu Dhabi
EMP0099,Rebecca Herrera,Product,Sport and exercise psychologist,utaylor@price.info,2020-10-06,92639,Exceeds Expectations,3,Medium,Riyadh
EMP0100,Mark Hicks,Operations,"Embryologist, clinical",heidi50@payne.com,2024-04-14,164196,Needs Improvement,3,Medium,Riyadh
EMP0101,Crystal Perry,Legal,"Engineer, structural",tyler38@evans-johnson.com,2022-07-04,111131,Exceeds Expectations,4,Low,Dubai
EMP0102,Roy Potter,Sales,Immunologist,mcclainellen@arias.com,2020-12-12,103778,Exceeds Expectations,6,Low,Dubai
EMP0103,Christopher Sellers,Operations,Herpetologist,frenchtanya@jimenez-vazquez.com,2024-02-10,97261,Exceeds Expectations,5,Low,Abu Dhabi
EMP0104,Jennifer Moore,HR,"Scientist, biomedical",droman@booth.biz,2022-06-15,169141,Exceeds Expectations,5,Low,Remote
EMP0105,Megan Marsh,AI Research,Technical author,jamiestevens@powers.com,2018-07-02,141703,Meets Expectations,5,High,Dubai
EMP0106,Thomas Young,HR,Legal secretary,walkersabrina@hall-fitzpatrick.com,2019-12-30,126536,Exceeds Expectations,5,Low,Riyadh
EMP0107,Jeffery Brown,Procurement,Curator,nathan63@keller.com,2025-03-09,143384,Critical,6,Low,Dubai
EMP0108,James Reed,Procurement,Heritage manager,robertbutler@shaw-ingram.biz,2025-01-11,108661,Exceeds Expectations,6,Medium,Dubai
EMP0109,Samantha Rodriguez,Procurement,"Scientist, physiological",heathersilva@garrison.com,2023-08-16,55766,Needs Improvement,5,Medium,Riyadh
EMP0110,Robert Smith,Finance,"Surveyor, planning and development",davidsonpatrick@aguilar.com,2021-09-17,177634,Needs Improvement,1,Medium,Remote
EMP0111,Jonathan Calhoun,Finance,"Surveyor, land/geomatics",ywilliams@johnson.org,2018-11-21,158645,Needs Improvement,6,Medium,Abu Dhabi
EMP0112,Jasmine Phillips,Legal,Administrator,douglasthomas@schultz.org,2025-08-06,91173,Needs Improvement,5,High,Remote
EMP0113,Todd James,Product,"Scientist, biomedical",rmann@rhodes.com,2021-11-22,159183,Needs Improvement,3,Low,Dubai
EMP0114,Stephanie Edwards,AI Research,"Copywriter, advertising",kyle92@matthews.net,2020-02-01,163175,Meets Expectations,4,High,Remote
EMP0115,John Page,Sales,Fashion designer,longcrystal@johnson.net,2022-02-12,52523,Critical,3,Low,Remote
EMP0116,Brian Watson,Operations,Structural engineer,wendy82@snyder.info,2018-08-08,138015,Needs Improvement,3,Medium,Riyadh
EMP0117,Jeffrey Juarez,Marketing,"Research officer, government",sandradelgado@price-williams.net,2023-12-31,47661,Meets Expectations,1,Low,Remote
EMP0118,Ashley Munoz,Product,Research scientist (maths),matthew65@allen.com,2025-03-12,107999,Critical,6,High,Remote
EMP0119,Joel Schmidt,Product,Environmental manager,eric42@koch.biz,2022-06-29,49520,Exceeds Expectations,3,Low,Remote
EMP0120,Sherry Skinner,Operations,Comptroller,snguyen@bonilla.biz,2021-05-18,125270,Needs Improvement,4,High,Riyadh
EMP0121,Autumn Lowery,Legal,Food technologist,jamesvega@day.com,2021-01-11,131714,Needs Improvement,6,Medium,Riyadh
EMP0122,Priscilla Richardson,AI Research,"Therapist, horticultural",janice94@mcconnell.com,2024-01-20,110903,Meets Expectations,1,High,Abu Dhabi
EMP0123,Kari Johnson,Sales,Television/film/video producer,natalieward@long.com,2024-05-20,76340,Meets Expectations,2,Low,Remote
EMP0124,Alexander Meadows,AI Research,"Scientist, biomedical",smedina@hanson.com,2019-07-10,119186,Exceeds Expectations,2,Medium,Abu Dhabi
EMP0125,David Camacho,Sales,Rural practice surveyor,allenerika@howard-cain.net,2020-05-01,92039,Needs Improvement,1,High,Abu Dhabi
EMP0126,Julie Hays,AI Research,Proofreader,vnichols@butler-james.info,2022-08-27,56931,Exceeds Expectations,5,Medium,Abu Dhabi
EMP0127,Mark Schaefer,Product,Neurosurgeon,allisonmccoy@deleon-swanson.com,2018-11-16,71892,Exceeds Expectations,5,Medium,Remote
EMP0128,Christina Price,Product,Armed forces technical officer,liralph@long.com,2025-12-01,160466,Needs Improvement,2,Low,Riyadh
EMP0129,Nancy Medina,Product,Historic buildings inspector/conservation officer,twhite@charles-smith.com,2023-05-10,74907,Exceeds Expectations,4,Medium,Dubai
EMP0130,Jonathan Henry,Procurement,Information officer,jaime05@barnes-ali.com,2024-01-18,59053,Meets Expectations,2,High,Riyadh
EMP0131,James Cohen,Finance,Historic buildings inspector/conservation officer,sheila86@myers-anderson.net,2020-05-08,110061,Exceeds Expectations,5,Medium,Abu Dhabi
EMP0132,Kimberly Robertson,Marketing,Publishing copy,fwatson@johnson.com,2018-08-11,144713,Critical,4,Medium,Remote
EMP0133,Alison Spears,AI Research,Music therapist,ggomez@west.net,2026-02-19,60789,Exceeds Expectations,2,High,Abu Dhabi
EMP0134,Christopher Cunningham,AI Research,"Editor, commissioning",wwilliams@beck.com,2019-07-15,66282,Meets Expectations,2,Low,Dubai
EMP0135,Stephanie Haynes,HR,Armed forces technical officer,huertazachary@chapman.org,2024-03-11,45701,Critical,4,High,Remote
EMP0136,Megan Murphy,AI Research,Exhibition designer,gflores@arnold.biz,2021-09-14,53556,Meets Expectations,3,High,Riyadh
EMP0137,Jacqueline Cooley,Product,Market researcher,xwilson@adkins.com,2025-01-22,63659,Meets Expectations,3,High,Abu Dhabi
EMP0138,Jason Smith,Legal,Psychiatric nurse,trichardson@mcdaniel-thompson.com,2023-12-11,75087,Meets Expectations,6,Low,Riyadh
EMP0139,Samantha Wong,HR,Clinical research associate,isnyder@wright.biz,2019-06-28,63719,Exceeds Expectations,2,Medium,Riyadh
EMP0140,Sergio Calderon,Product,"Investment banker, corporate",banksvanessa@hobbs.com,2026-04-04,77598,Critical,6,Medium,Remote
EMP0141,Chelsea Beard,AI Research,"Engineer, technical sales",rick03@hernandez.biz,2019-12-21,176195,Critical,4,Low,Dubai
EMP0142,Christopher Guzman,Legal,Medical secretary,stephaniesims@white.com,2018-06-20,129494,Needs Improvement,1,Low,Abu Dhabi
EMP0143,Dr. Allen Smith,Procurement,Dance movement psychotherapist,espinozajared@villanueva-carroll.info,2024-08-08,50438,Needs Improvement,5,Low,Abu Dhabi
EMP0144,Julie Miller,Product,"Engineer, manufacturing",parkercheryl@cook.com,2023-09-11,160927,Needs Improvement,2,High,Remote
EMP0145,Jeremy Jones,Product,"Physicist, medical",justinwilliams@freeman.com,2018-10-31,68918,Critical,3,Medium,Riyadh
EMP0146,Barbara Perry,Sales,Contractor,pstanley@holden.com,2022-06-20,72420,Meets Expectations,3,Medium,Remote
EMP0147,John Yates,AI Research,"Psychologist, educational",christina52@bush.com,2018-08-17,149976,Exceeds Expectations,4,Low,Riyadh
EMP0148,David Scott,AI Research,"Designer, blown glass/stained glass",jessica55@west.com,2026-01-16,129744,Exceeds Expectations,4,High,Dubai
EMP0149,Samantha Marks,Marketing,Mechanical engineer,johnsonaustin@hart-weber.com,2025-07-11,166104,Critical,1,Low,Riyadh
EMP0150,Nicole Rivera,Procurement,Public relations officer,breannaavery@williams.com,2025-06-09,175676,Critical,1,Low,Riyadh
EMP0151,Ana Flores,Marketing,Legal secretary,hsmith@johnston.com,2019-05-02,79344,Needs Improvement,4,High,Remote
EMP0152,Kelly Jensen,Finance,Academic librarian,billanthony@ballard.com,2024-08-16,52567,Meets Expectations,6,Low,Riyadh
EMP0153,Victoria Peterson,Marketing,Glass blower/designer,virginiahernandez@lewis.com,2022-04-29,48584,Critical,1,Low,Dubai
EMP0154,Robin Martin,Product,Occupational therapist,robertwarren@estrada.biz,2024-06-10,75793,Meets Expectations,4,High,Riyadh
EMP0155,Brian Crane,Marketing,"Journalist, newspaper",hannah41@lopez.com,2025-08-03,116676,Critical,4,Medium,Abu Dhabi
EMP0156,Joshua Perez,Product,Psychiatric nurse,rollinstammy@marquez.org,2025-05-19,82917,Critical,2,High,Abu Dhabi
EMP0157,Cynthia Ward,Finance,Maintenance engineer,benjamin37@vance-black.biz,2024-01-11,117416,Critical,3,High,Riyadh
EMP0158,David Lopez,Engineering,Tree surgeon,brownkimberly@robinson.com,2024-12-12,119144,Needs Improvement,5,High,Remote
EMP0159,Leon Harris,HR,Waste management officer,crichardson@thompson.info,2023-02-18,162059,Critical,3,Medium,Remote
EMP0160,David Martinez,Product,"Scientist, research (life sciences)",desiree31@howard.biz,2018-06-02,129352,Meets Expectations,6,Low,Remote
EMP0161,Keith Mendoza,Operations,Leisure centre manager,douglaswoods@marshall.com,2019-08-18,152682,Exceeds Expectations,3,High,Remote
EMP0162,Brandon Donaldson,Legal,Soil scientist,donald11@rodriguez-kennedy.net,2021-01-18,146208,Meets Expectations,4,Low,Abu Dhabi
EMP0163,Michael Smith,Marketing,Claims inspector/assessor,gcarney@palmer-williams.com,2022-12-28,132030,Exceeds Expectations,4,Low,Remote
EMP0164,Alicia Johnson,Engineering,Regulatory affairs officer,whernandez@bond-smith.com,2022-12-26,82789,Critical,6,Low,Dubai
EMP0165,Holly Perkins,Product,Barrister's clerk,martinjenny@bush.net,2024-02-09,114474,Needs Improvement,5,High,Remote
EMP0166,Jacob Bailey DDS,Finance,Sports therapist,kennedybrady@gibson-thomas.com,2021-01-05,131131,Critical,3,High,Remote
EMP0167,Deborah Patton,Marketing,Sport and exercise psychologist,sandrajacobs@rodriguez.com,2025-11-16,54410,Exceeds Expectations,2,High,Riyadh
EMP0168,Bethany Deleon,Operations,Sports administrator,lmendez@hudson-miller.com,2021-12-12,68692,Critical,1,High,Dubai
EMP0169,Jeffrey James,Product,Health and safety adviser,rodriguezjacob@davis-martinez.com,2023-01-25,88611,Needs Improvement,1,Low,Riyadh
EMP0170,Kevin Lee,Engineering,Food technologist,xjones@khan-perez.net,2025-09-14,121904,Needs Improvement,3,Medium,Abu Dhabi
EMP0171,Christopher Carroll,Operations,Advice worker,victoriawilson@pratt.com,2023-09-26,153016,Meets Expectations,2,Low,Dubai
EMP0172,Jocelyn Brown,Procurement,"Engineer, water",jamesgonzalez@gomez-arnold.biz,2024-06-25,145281,Meets Expectations,4,High,Abu Dhabi
EMP0173,William Sullivan,Operations,"Scientist, water quality",gholden@khan-mitchell.com,2025-02-22,165887,Needs Improvement,4,Medium,Dubai
EMP0174,Tony Miller,Product,Communications engineer,burkeamy@carpenter.info,2022-09-15,120400,Meets Expectations,1,Medium,Riyadh
EMP0175,Denise Zavala,Procurement,Clinical biochemist,halljames@lucas.org,2024-08-08,123421,Critical,6,Medium,Remote
EMP0176,Bradley Hayes,AI Research,"Conservation officer, nature",fsimpson@hayes-jones.com,2024-05-01,97223,Critical,4,Low,Abu Dhabi
EMP0177,George Wilson,Legal,Fast food restaurant manager,theodore44@patterson.com,2019-03-28,139098,Needs Improvement,6,Medium,Dubai
EMP0178,Barbara Henson,Legal,Solicitor,cwalters@johnson.biz,2025-04-06,116953,Exceeds Expectations,5,High,Dubai
EMP0179,Jennifer Russell,Procurement,Insurance broker,wjones@anderson-walker.info,2026-02-28,175214,Needs Improvement,2,High,Riyadh
EMP0180,Robin Bonilla,Operations,"Designer, industrial/product",frussell@chase-salinas.net,2023-05-19,94841,Needs Improvement,6,High,Abu Dhabi
EMP0181,William Stokes,Finance,Industrial buyer,martinezbecky@williams.net,2022-12-20,55334,Needs Improvement,4,Low,Riyadh
EMP0182,Christopher Miller,HR,Physiotherapist,danielle36@swanson.com,2018-07-08,68627,Needs Improvement,3,High,Remote
EMP0183,Cassie Lara,HR,"Sound technician, broadcasting/film/video",kevinwalker@carlson.biz,2026-02-13,97637,Meets Expectations,5,Medium,Riyadh
EMP0184,Howard Edwards,HR,Health and safety adviser,leblancashley@walsh.com,2019-09-16,112363,Critical,3,High,Riyadh
EMP0185,Jason Brown,Finance,"Nurse, learning disability",franklinkyle@pollard.info,2025-05-14,167770,Exceeds Expectations,2,Low,Remote
EMP0186,Jessica Rhodes,Marketing,"Nurse, children's",wilsonemily@perez.com,2020-12-30,140885,Exceeds Expectations,4,Low,Riyadh
EMP0187,Brianna Harris,Marketing,"Designer, multimedia",atkinsonbenjamin@schwartz-garza.org,2025-08-05,77398,Critical,3,High,Riyadh
EMP0188,Madison Howell,Procurement,Office manager,sergio63@fitzgerald.com,2025-10-26,144883,Needs Improvement,1,High,Abu Dhabi
EMP0189,Ashley Clark,Product,Clinical biochemist,plarson@keller-boone.net,2020-03-28,51560,Needs Improvement,5,Low,Dubai
EMP0190,Nathaniel Ramirez,Product,Homeopath,michaelscott@atkins-vargas.com,2019-09-11,124217,Critical,1,Low,Dubai
EMP0191,Bridget Schneider,Engineering,Child psychotherapist,isabelhowell@barry-moore.com,2025-11-08,124787,Critical,1,Low,Abu Dhabi
EMP0192,Leslie Bennett,Marketing,Petroleum engineer,shawnpatrick@walton.info,2018-11-20,80563,Critical,4,Medium,Remote
EMP0193,Megan Romero,Procurement,"Accountant, chartered",friley@schwartz.com,2019-03-12,85507,Critical,6,Low,Remote
EMP0194,Wanda Wolf,Procurement,Research scientist (medical),david03@flowers.com,2023-03-12,151985,Needs Improvement,1,High,Riyadh
EMP0195,Paul Richardson,Operations,"Administrator, education",april37@cook-williams.com,2022-09-08,161230,Critical,2,Medium,Dubai
EMP0196,Laura Thomas,Sales,Mining engineer,debra70@peterson-henson.info,2022-01-01,139024,Exceeds Expectations,4,Medium,Abu Dhabi
EMP0197,Dylan Chavez,Finance,"Programmer, systems",fisherroy@jones-parker.com,2021-02-12,164201,Exceeds Expectations,6,Low,Dubai
EMP0198,Mr. Harry Barnes,Engineering,"Psychologist, educational",anna34@houston.com,2026-03-13,132427,Meets Expectations,2,High,Abu Dhabi
EMP0199,Susan Warren,Finance,"Psychologist, counselling",sarah17@porter.com,2019-07-16,99305,Meets Expectations,2,Medium,Abu Dhabi
EMP0200,Steven Cross,Procurement,Textile designer,qflores@brown.com,2024-06-14,45743,Needs Improvement,2,Low,Riyadh
EMP0201,Kristi Ross,HR,Public relations account executive,manndavid@mercado.info,2020-04-20,73816,Exceeds Expectations,2,Low,Riyadh
EMP0202,Brandon Lang,Operations,Private music teacher,jennifer43@walker.com,2026-05-01,129874,Exceeds Expectations,2,Medium,Dubai
EMP0203,Sarah Mills,HR,Social researcher,vreed@branch.com,2025-06-01,155352,Exceeds Expectations,6,Low,Remote
EMP0204,Michael Moore,Product,Museum education officer,ebarker@lyons.com,2021-11-05,139906,Exceeds Expectations,4,High,Abu Dhabi
EMP0205,Cynthia Burke,Procurement,Proofreader,loganmurphy@holloway.com,2024-09-17,56367,Needs Improvement,4,High,Dubai
EMP0206,Kelsey Cox,Engineering,"Engineer, manufacturing systems",mcdanieljames@rivers.com,2023-05-11,170562,Critical,4,High,Dubai
EMP0207,William Adams,Product,Chartered accountant,ulee@harris-jimenez.net,2019-07-29,161277,Exceeds Expectations,1,Medium,Abu Dhabi
EMP0208,Jason Matthews,Finance,Retail buyer,donna62@andrews.com,2019-01-14,78080,Needs Improvement,5,High,Riyadh
EMP0209,Jasmine Miller,Legal,Energy manager,dallen@malone-nelson.info,2020-04-10,122305,Critical,5,High,Remote
EMP0210,Christina Aguilar,Finance,Games developer,patrickhoward@mora.com,2024-07-14,74992,Meets Expectations,4,Medium,Abu Dhabi
EMP0211,Nancy Vasquez,Legal,Audiological scientist,iholloway@lee-benson.biz,2019-10-21,133848,Critical,4,Medium,Dubai
EMP0212,Lindsay Wright,Sales,"Engineer, civil (consulting)",craig34@nguyen.com,2025-08-20,156873,Needs Improvement,6,Medium,Riyadh
EMP0213,Jennifer Johnson,HR,"Chemist, analytical",samuelgriffith@jacobs-james.net,2024-04-28,169326,Exceeds Expectations,1,Low,Dubai
EMP0214,Stephanie Casey,Legal,Newspaper journalist,nsmith@marsh.biz,2021-03-20,70313,Needs Improvement,2,High,Dubai
EMP0215,Shelley Griffith,Procurement,Chartered accountant,cervantesclaire@williams.com,2025-07-19,131414,Exceeds Expectations,4,Medium,Remote
EMP0216,Thomas Kemp,Engineering,Visual merchandiser,maria08@castro.com,2023-04-19,120400,Needs Improvement,3,Low,Abu Dhabi
EMP0217,Janet Miller,HR,Community development worker,ronald69@moreno.org,2025-11-15,171403,Meets Expectations,1,Medium,Riyadh
EMP0218,Matthew Odonnell,Finance,"Scientist, clinical (histocompatibility and immunogenetics)",troy30@lawrence.biz,2021-08-14,118024,Meets Expectations,4,High,Dubai
EMP0219,Donald Johnson Jr.,Procurement,Airline pilot,evanfloyd@sanchez-bowen.com,2024-09-22,115109,Exceeds Expectations,2,Medium,Riyadh
EMP0220,Ryan Wilson,Sales,Pathologist,lcochran@combs.biz,2024-03-11,137018,Exceeds Expectations,2,Low,Remote
EMP0221,Jeremy West,Finance,Chartered management accountant,newmankaren@mason.biz,2022-12-26,82191,Exceeds Expectations,1,High,Abu Dhabi
EMP0222,Ralph Romero DVM,Legal,"Surveyor, hydrographic",iduncan@davis.com,2025-09-17,155056,Critical,3,Low,Riyadh
EMP0223,Helen Thomas,AI Research,"Editor, film/video",dthompson@lee.com,2023-10-05,130035,Exceeds Expectations,1,Low,Abu Dhabi
EMP0224,Carla Abbott,Procurement,Ship broker,michelle41@fuentes.info,2023-04-15,58044,Exceeds Expectations,3,Medium,Remote
EMP0225,Jacob Garcia,Product,Ceramics designer,walkertasha@lambert.com,2019-04-23,160879,Critical,3,Low,Dubai
EMP0226,Erin Mathis,Sales,Occupational psychologist,lauraaustin@frost.com,2023-03-07,157699,Exceeds Expectations,3,High,Remote
EMP0227,Travis Rogers,Marketing,Investment analyst,qfuentes@everett-kelley.com,2020-03-03,125850,Exceeds Expectations,2,Medium,Dubai
EMP0228,Angela Stark,Engineering,Licensed conveyancer,huntchristopher@ramos.com,2023-01-29,98588,Needs Improvement,2,Low,Riyadh
EMP0229,Blake Lucas,AI Research,Sales executive,ashley86@willis.com,2025-12-08,131015,Exceeds Expectations,1,Medium,Remote
EMP0230,Thomas Sims MD,HR,Barrister,jason32@griffin.org,2018-06-17,78865,Critical,5,High,Abu Dhabi
EMP0231,Jennifer Brown,Marketing,"Surveyor, quantity",martineric@love.com,2022-10-15,137842,Exceeds Expectations,4,High,Dubai
EMP0232,Joshua Crawford,Legal,Public librarian,rosehill@peters.com,2023-09-18,49912,Critical,1,Medium,Remote
EMP0233,Taylor Robinson,Procurement,"Production assistant, radio",bryanyoung@lambert.biz,2022-08-22,151017,Critical,3,Low,Remote
EMP0234,Andrea Mccormick,Engineering,Dancer,samanthaclark@atkins.com,2024-04-09,130136,Meets Expectations,5,Medium,Riyadh
EMP0235,Kelly Buck,Finance,Further education lecturer,pattersonsarah@morris.info,2025-05-19,159481,Exceeds Expectations,2,Medium,Remote
EMP0236,William Morales,Marketing,"Clinical scientist, histocompatibility and immunogenetics",rachel23@garcia.com,2019-09-26,65616,Critical,3,High,Riyadh
EMP0237,Mrs. Melissa Eaton,Operations,"Radiographer, therapeutic",christophermorales@owens.com,2020-11-07,132311,Meets Expectations,1,High,Dubai
EMP0238,Pamela Cohen,Marketing,"Editor, commissioning",kristyjenkins@keith.com,2021-09-11,178680,Meets Expectations,3,Medium,Abu Dhabi
EMP0239,Andrew Lowe,Operations,Financial planner,theresa00@willis.com,2024-09-22,71949,Meets Expectations,3,Low,Abu Dhabi
EMP0240,Jason Johnson,Procurement,Garment/textile technologist,sflores@evans.com,2024-05-22,85073,Exceeds Expectations,2,High,Remote
EMP0241,Tiffany Watts,Product,Counsellor,bellnancy@barber.com,2024-03-24,162677,Needs Improvement,6,Medium,Abu Dhabi
EMP0242,Danielle Fuentes,Product,Meteorologist,brentlopez@wells-hogan.com,2019-04-08,62900,Critical,4,High,Riyadh
EMP0243,Kenneth Hart,AI Research,Broadcast presenter,rodrigueztaylor@gilbert.com,2024-05-11,59725,Needs Improvement,5,Low,Riyadh
EMP0244,Gary Jones,Product,Social researcher,millsbruce@dixon.com,2020-04-29,163466,Exceeds Expectations,1,Medium,Riyadh
EMP0245,Lisa Jones,Finance,Catering manager,fflores@graves.com,2018-10-27,68670,Critical,4,High,Dubai
EMP0246,Alicia Ritter,Product,"Engineer, control and instrumentation",michaelbrown@martin.com,2024-11-26,94345,Needs Improvement,5,Medium,Abu Dhabi
EMP0247,Kathy Harris,Engineering,"Administrator, local government",nancy05@lopez-carter.com,2023-08-17,163101,Exceeds Expectations,3,High,Dubai
EMP0248,Clinton Best,Marketing,Warden/ranger,clarksteven@frey-bennett.com,2026-02-16,90235,Exceeds Expectations,2,High,Remote
EMP0249,Terry Henderson,Product,Insurance underwriter,chaneydaniel@barr.org,2024-04-28,86614,Needs Improvement,3,Medium,Remote
EMP0250,Kimberly Nguyen,Legal,Immigration officer,davidmarquez@edwards.net,2021-05-31,133700,Exceeds Expectations,6,High,Riyadh
EMP0251,Kellie Gonzalez,Finance,Chief Marketing Officer,grahampamela@schmidt.biz,2021-08-02,131426,Exceeds Expectations,5,High,Remote
EMP0252,Lisa Green,AI Research,Adult nurse,hscott@martin.com,2023-04-08,111059,Meets Expectations,3,Low,Abu Dhabi
EMP0253,Diana Gonzalez DVM,Sales,"Conservator, furniture",wilsonstephen@meyer.com,2020-02-17,126325,Critical,2,High,Dubai
EMP0254,Amy Armstrong,AI Research,"Surveyor, commercial/residential",stephaniehale@foster.com,2021-11-26,143744,Needs Improvement,2,High,Dubai
EMP0255,Joseph Johnson,Legal,Water quality scientist,nbyrd@vance-rivers.info,2023-09-03,178297,Needs Improvement,1,Medium,Riyadh
EMP0256,Mark Hardin,HR,Senior tax professional/tax inspector,lorimitchell@anderson.com,2019-07-07,101149,Needs Improvement,4,Low,Abu Dhabi
EMP0257,Stephanie Barker,HR,Diagnostic radiographer,taylorjeffrey@brown-wallace.com,2018-11-04,85617,Exceeds Expectations,3,Low,Dubai
EMP0258,Morgan Graham,Sales,Holiday representative,murphysarah@may.com,2018-11-15,79353,Critical,2,Low,Abu Dhabi
EMP0259,Dawn Farmer,Procurement,Legal executive,scraig@vaughn.com,2018-12-20,88395,Critical,1,Medium,Riyadh
EMP0260,Dustin Cunningham,Operations,Sports coach,kevinharrison@brown.biz,2023-02-05,161444,Needs Improvement,6,Medium,Abu Dhabi
EMP0261,Jorge Craig,Marketing,Exercise physiologist,dylan99@foster-simmons.net,2019-05-02,107696,Needs Improvement,4,Low,Riyadh
EMP0262,Sean Ramos,Procurement,Fast food restaurant manager,david73@reed.com,2025-01-17,160499,Critical,3,Medium,Remote
EMP0263,April Johnson,HR,"Engineer, electrical",bryan80@garza-hall.com,2019-12-31,97349,Meets Expectations,3,Low,Remote
EMP0264,Carol Robinson,Sales,Animator,plee@mitchell.net,2025-10-31,71893,Exceeds Expectations,3,Low,Abu Dhabi
EMP0265,Nathaniel Richardson,AI Research,Politician's assistant,mary23@stewart-tucker.com,2020-06-08,162786,Meets Expectations,4,Low,Abu Dhabi
EMP0266,Andrew Woods,Product,Acupuncturist,melody47@hernandez.com,2021-05-23,136641,Exceeds Expectations,4,Low,Remote
EMP0267,Matthew Moreno,Marketing,Commercial horticulturist,mcfarlandbrittany@rivera.info,2020-04-04,143031,Meets Expectations,4,Low,Riyadh
EMP0268,Brooke Morgan,Operations,Marine scientist,phamilton@newman-wilson.com,2018-06-21,52389,Needs Improvement,1,High,Riyadh
EMP0269,Edwin Franklin,HR,Charity fundraiser,johnsonshannon@bradshaw.com,2023-03-26,81070,Exceeds Expectations,3,Medium,Abu Dhabi
EMP0270,Colleen Reed,Product,Commercial/residential surveyor,danielvilla@contreras.com,2023-11-27,162598,Exceeds Expectations,1,Low,Riyadh
EMP0271,Richard Davis,Operations,Historic buildings inspector/conservation officer,heatherwilson@powell.com,2025-03-30,84195,Critical,1,Medium,Abu Dhabi
EMP0272,Cameron Blair,AI Research,Stage manager,cunninghamdiana@greene.com,2021-01-05,76941,Exceeds Expectations,2,Medium,Remote
EMP0273,Scott Villa,Finance,TEFL teacher,maryking@stokes-carter.com,2021-07-09,74060,Critical,5,High,Dubai
EMP0274,Abigail Webb,Marketing,Landscape architect,stacey04@villarreal.com,2024-08-22,108422,Meets Expectations,3,Medium,Dubai
EMP0275,Gavin Boyer,Procurement,Chartered certified accountant,pwalsh@schroeder-lang.com,2024-01-01,137488,Meets Expectations,5,Medium,Abu Dhabi
EMP0276,Grace Walton,Finance,"Exhibitions officer, museum/gallery",hoopermorgan@walker.net,2022-09-12,139530,Exceeds Expectations,5,High,Dubai
EMP0277,Brett Lara,Legal,Naval architect,johnsonbrandon@vazquez.info,2019-02-01,168243,Exceeds Expectations,6,Medium,Riyadh
EMP0278,Lisa Fuller,AI Research,"Accountant, chartered certified",christinewilson@lopez-schneider.com,2019-05-24,49257,Needs Improvement,1,Medium,Abu Dhabi
EMP0279,Susan Ramsey,Finance,Applications developer,steven55@smith-conrad.com,2021-10-18,132167,Meets Expectations,1,Medium,Riyadh
EMP0280,Courtney Schmidt,HR,Quality manager,joneswhitney@cohen.net,2022-03-27,166798,Critical,6,Low,Abu Dhabi
EMP0281,Heidi White,Finance,"Civil engineer, contracting",melanie14@king.com,2023-05-17,164977,Exceeds Expectations,3,Low,Dubai
EMP0282,Donna Mckinney,Operations,Magazine journalist,wparker@noble.org,2023-06-27,55985,Needs Improvement,3,High,Remote
EMP0283,Mary Wilson,Marketing,"Conservator, furniture",michaelconrad@bailey-jacobs.com,2022-08-28,169098,Needs Improvement,1,High,Abu Dhabi
EMP0284,Taylor Hess,AI Research,"Education officer, community",owilson@coleman-santos.biz,2022-10-19,138578,Exceeds Expectations,6,Medium,Riyadh
EMP0285,Ashley Jones,Finance,Psychiatric nurse,jmalone@smith.info,2024-08-28,141474,Critical,4,High,Remote
EMP0286,Heidi Bailey,Legal,Community arts worker,georgedavis@allen-austin.com,2022-11-14,133876,Meets Expectations,4,High,Remote
EMP0287,John Downs,Sales,Commercial/residential surveyor,loriwalker@miller.com,2025-04-06,114919,Exceeds Expectations,6,Medium,Dubai
EMP0288,Cynthia Thompson,Legal,"Radiographer, therapeutic",blynch@king.com,2022-01-28,92305,Needs Improvement,3,Low,Dubai
EMP0289,Javier Marquez,Sales,Maintenance engineer,flopez@moore.com,2022-09-23,122500,Needs Improvement,4,High,Remote
EMP0290,Virginia Williams,HR,English as a foreign language teacher,ericduran@chung-singh.com,2020-07-23,161367,Needs Improvement,4,Low,Riyadh
EMP0291,Kristin Fletcher,Procurement,Commercial art gallery manager,lrodriguez@estes.net,2025-03-17,159017,Needs Improvement,6,Low,Dubai
EMP0292,Carol Jacobs,Legal,"Surveyor, planning and development",jamesjones@lewis.info,2022-06-07,140239,Meets Expectations,1,Low,Remote
EMP0293,Carlos Martin,Engineering,Data scientist,andreabennett@meyer-donovan.com,2023-08-23,78090,Exceeds Expectations,2,High,Riyadh
EMP0294,Kathryn Jarvis,Sales,IT technical support officer,trichardson@williams.com,2024-10-18,145362,Exceeds Expectations,5,Low,Remote
EMP0295,Joy Rice,Sales,"Research officer, government",veronicabaker@myers.com,2020-10-27,142521,Critical,1,High,Abu Dhabi
EMP0296,Stanley Bradshaw,Marketing,Community education officer,robyn59@kirby.com,2019-12-25,141193,Critical,3,High,Riyadh
EMP0297,Desiree Mccoy,Operations,Leisure centre manager,fordcarrie@mendez.com,2025-06-12,74739,Exceeds Expectations,6,Low,Remote
EMP0298,Nicole Burch,Marketing,Chartered certified accountant,garcialydia@yoder-perez.com,2020-09-25,146446,Exceeds Expectations,3,Medium,Remote
EMP0299,Charles Ross,Operations,Barista,thompsonmolly@banks.net,2021-11-21,119862,Critical,2,Low,Abu Dhabi
EMP0300,Shannon Jones,Finance,Agricultural consultant,maysgary@rodriguez.com,2025-02-04,163500,Meets Expectations,6,Medium,Dubai
EMP0301,Maria Benson,Sales,Commercial horticulturist,hunterphillips@lopez.net,2025-08-28,136075,Exceeds Expectations,5,High,Riyadh
EMP0302,Jennifer Campbell,AI Research,Financial planner,brianrobles@johnson.biz,2020-03-13,86289,Meets Expectations,3,High,Abu Dhabi
EMP0303,Nicholas Marshall,Finance,"Surveyor, mining",tamaravelez@smith-boyer.com,2026-03-27,97685,Meets Expectations,2,Medium,Dubai
EMP0304,Michael Wilson,Sales,Economist,miguel16@mitchell.com,2026-02-23,141707,Critical,5,Low,Dubai
EMP0305,Jeffery Delgado,Finance,Contractor,steven81@myers.com,2024-07-07,126078,Critical,6,High,Remote
EMP0306,Jessica Torres,Marketing,Prison officer,utanner@rodriguez.com,2018-06-18,152687,Critical,5,Low,Abu Dhabi
EMP0307,Jason Hill,Sales,"Lecturer, higher education",alyssarhodes@vance.com,2023-09-08,64441,Critical,4,High,Riyadh
EMP0308,James Horn,HR,Contracting civil engineer,markschwartz@lopez.com,2019-03-10,92700,Meets Expectations,4,High,Dubai
EMP0309,Ryan Russo,Finance,Clinical embryologist,branchbilly@harris.com,2021-03-10,85112,Needs Improvement,2,Low,Riyadh
EMP0310,Aaron Summers,Operations,"Programme researcher, broadcasting/film/video",narnold@briggs-moss.com,2022-06-09,135707,Needs Improvement,1,Medium,Abu Dhabi
EMP0311,John Berry,Marketing,Accommodation manager,ngriffin@sanchez.com,2024-07-21,116945,Meets Expectations,6,Medium,Dubai
EMP0312,Justin Griffin,Marketing,Archaeologist,aguilarkelly@perry.com,2020-04-12,89206,Meets Expectations,2,High,Riyadh
EMP0313,Collin Russell,Procurement,Quantity surveyor,thomascollins@lewis-howard.com,2026-02-23,55798,Exceeds Expectations,1,Low,Riyadh
EMP0314,Natalie Perry,Operations,"Sales professional, IT",pmorrison@owens.com,2023-04-21,154205,Exceeds Expectations,4,High,Riyadh
EMP0315,Catherine Williams,AI Research,Commissioning editor,andersonanna@fox.com,2024-02-11,171601,Meets Expectations,6,Medium,Riyadh
EMP0316,Joseph Turner,Product,"Conservation officer, nature",marycamacho@norman-cain.org,2019-09-18,64129,Exceeds Expectations,2,Medium,Remote
EMP0317,Gina Valentine,Product,"Buyer, industrial",castanedajessica@zimmerman-hunt.com,2021-12-06,166750,Meets Expectations,3,High,Abu Dhabi
EMP0318,Susan Potts,Sales,Regulatory affairs officer,mariahernandez@hayes.net,2019-11-08,128706,Needs Improvement,4,Low,Riyadh
EMP0319,John Bryan,Marketing,Corporate treasurer,jonesvincent@smith.org,2020-08-18,72835,Needs Improvement,2,Medium,Dubai
EMP0320,Jessica Ferguson MD,AI Research,Data processing manager,wilsonalexis@barnes-raymond.org,2025-02-23,162858,Meets Expectations,2,Low,Dubai
EMP0321,Anna Houston,AI Research,"Sound technician, broadcasting/film/video",carteranna@wood.com,2022-05-15,145702,Critical,2,Low,Riyadh
EMP0322,George Sanchez,Procurement,"Engineer, manufacturing",mckenziepaul@dunn.com,2025-07-24,126976,Meets Expectations,2,Medium,Remote
EMP0323,Susan Gray,Product,"Engineer, chemical",hfields@dixon.org,2023-07-14,125882,Critical,1,Low,Remote
EMP0324,Carrie Moore,Marketing,Control and instrumentation engineer,anthony91@brown-parker.com,2025-09-26,164860,Meets Expectations,2,High,Riyadh
EMP0325,Debra Tucker,Engineering,Further education lecturer,luis89@cooper-braun.com,2025-09-12,58248,Needs Improvement,4,High,Remote
EMP0326,Mrs. April Anderson,AI Research,"Psychotherapist, child",morgancruz@johnson.com,2021-11-07,47143,Exceeds Expectations,4,Low,Riyadh
EMP0327,Ricardo Bolton,Sales,Dealer,colleen09@barnett.info,2023-02-17,150710,Needs Improvement,1,Medium,Dubai
EMP0328,Heather Andrews,Procurement,"Teacher, music",elizabethsimmons@wallace.com,2019-09-25,96027,Needs Improvement,5,Medium,Dubai
EMP0329,Daniel Lowery,Legal,Nutritional therapist,porterbrent@underwood.biz,2022-05-25,177187,Critical,5,Medium,Dubai
EMP0330,Michael Sellers,HR,Clinical embryologist,matthew11@wilkins-estrada.com,2022-07-10,70344,Critical,3,Medium,Riyadh
EMP0331,Brenda Palmer,HR,"Engineer, communications",aduke@schmidt.com,2019-09-10,97181,Critical,5,Low,Dubai
EMP0332,Tina Savage,Engineering,Private music teacher,brandonsimmons@cox.com,2021-05-27,80923,Needs Improvement,4,High,Remote
EMP0333,Michelle Parker,HR,Chiropractor,estradamatthew@rodriguez-harvey.com,2018-08-21,81642,Needs Improvement,5,Medium,Abu Dhabi
EMP0334,Michael Arnold,Legal,Tourist information centre manager,elizabeth93@jones-moore.com,2021-10-16,123442,Needs Improvement,5,High,Remote
EMP0335,Mr. Stephen West,Procurement,Rural practice surveyor,jeffbyrd@perry-garcia.com,2023-04-20,123588,Critical,1,Medium,Riyadh
EMP0336,Stephen Thompson,Finance,Hydrographic surveyor,charlesparsons@carr.com,2021-09-25,154193,Needs Improvement,6,High,Dubai
EMP0337,Kelli Santana,Procurement,Tour manager,dennis78@robinson.com,2022-08-19,169410,Needs Improvement,6,High,Abu Dhabi
EMP0338,Antonio Sandoval,Engineering,Science writer,orrjoshua@sanchez.biz,2022-10-11,170946,Meets Expectations,5,High,Remote
EMP0339,Cheryl Allen,HR,Medical illustrator,staceycollins@smith-miller.com,2021-12-13,108490,Exceeds Expectations,5,High,Dubai
EMP0340,Tammy Wilson,Operations,Radio broadcast assistant,wallacelisa@nelson.info,2025-12-15,49964,Critical,3,Medium,Abu Dhabi
EMP0341,Brianna Lopez,Legal,"Education officer, environmental",martinezcatherine@coffey.com,2025-10-05,98448,Critical,5,High,Remote
EMP0342,Michael Jenkins,Engineering,Barrister,phillipsregina@davis.com,2024-01-14,81197,Meets Expectations,5,Medium,Remote
EMP0343,Ms. Crystal Franklin,Marketing,"Development worker, community",ldavis@henderson.info,2019-04-01,143782,Needs Improvement,2,Medium,Riyadh
EMP0344,Sandra Melton,Marketing,Marketing executive,steven00@heath.net,2023-03-16,137874,Needs Improvement,5,Medium,Abu Dhabi
EMP0345,Amy Morris,Operations,Archivist,williamsmith@cole.com,2026-05-03,118139,Needs Improvement,2,Medium,Riyadh
EMP0346,Brittney Barrera,Operations,Arts administrator,asellers@jones.com,2020-05-22,173189,Needs Improvement,4,Medium,Riyadh
EMP0347,Benjamin Baker,AI Research,Textile designer,stanley92@hayes.com,2020-03-12,76948,Critical,4,Medium,Abu Dhabi
EMP0348,Kimberly Parker MD,AI Research,"Merchandiser, retail",deanheather@daniels.com,2019-03-30,56027,Needs Improvement,6,Low,Riyadh
EMP0349,Rebecca Richardson,Product,Musician,ricky19@mcmillan.com,2018-06-05,112225,Critical,2,Low,Riyadh
EMP0350,Kayla Curtis,Marketing,"Designer, exhibition/display",dflores@griffin.org,2020-09-05,116203,Meets Expectations,1,High,Abu Dhabi
EMP0351,Luis Green,Operations,"Engineer, agricultural",mcguireadam@fisher.com,2019-05-04,58307,Meets Expectations,6,Low,Dubai
EMP0352,Robert Allen,Finance,Hydrographic surveyor,npeterson@bernard.com,2019-08-06,153344,Needs Improvement,6,Medium,Dubai
EMP0353,Lisa Clark,HR,General practice doctor,morenojason@livingston.net,2020-09-15,46358,Meets Expectations,4,High,Remote
EMP0354,Jason Castro,Product,Government social research officer,newmanrodney@nguyen-campbell.info,2021-06-06,97286,Needs Improvement,3,Medium,Dubai
EMP0355,Stephanie Lewis,Finance,Chief Technology Officer,steven63@johnson.com,2023-05-29,105875,Exceeds Expectations,2,Medium,Abu Dhabi
EMP0356,Robert Allen,Engineering,"Teacher, secondary school",tiffany91@martinez-cameron.com,2020-07-19,149069,Critical,2,High,Riyadh
EMP0357,Joshua Bishop,Engineering,Magazine features editor,lynchclaudia@mills.biz,2018-06-18,47429,Needs Improvement,5,High,Dubai
EMP0358,Robert Hunter DDS,Sales,Industrial buyer,foxtheresa@murray.com,2026-01-19,119596,Critical,6,High,Remote
EMP0359,Ryan Zimmerman,HR,Theatre director,williamstewart@hernandez-wright.org,2025-11-26,177176,Critical,3,Low,Dubai
EMP0360,Christopher Franklin,Sales,Environmental health practitioner,bautistakatherine@mueller-collins.net,2020-03-17,87596,Critical,6,Medium,Abu Dhabi
EMP0361,Stephen Walker,Engineering,Curator,sortega@grant.com,2022-11-08,133371,Needs Improvement,5,High,Abu Dhabi
EMP0362,Chelsea Bell,HR,Planning and development surveyor,trevorromero@cochran.com,2019-06-10,151296,Critical,5,Medium,Dubai
EMP0363,Keith Mueller,Legal,Trading standards officer,glennpalmer@burnett-gonzalez.biz,2019-04-28,70004,Meets Expectations,2,Medium,Riyadh
EMP0364,Timothy Nelson,Operations,Human resources officer,joseph79@smith.biz,2021-03-11,46790,Needs Improvement,4,Low,Remote
EMP0365,Tiffany Fisher,AI Research,Graphic designer,brendagraham@rush.info,2022-08-13,131409,Needs Improvement,5,High,Dubai
EMP0366,Jonathan Wolf,AI Research,Tourism officer,kaylagreen@holden.com,2024-08-09,139254,Meets Expectations,1,High,Dubai
EMP0367,Mark Ortega,Product,Sports therapist,gregory30@forbes-wilson.info,2023-10-09,125427,Meets Expectations,4,High,Riyadh
EMP0368,Dakota Austin,Finance,Magazine journalist,heather20@stone-norman.org,2023-03-21,122342,Needs Improvement,5,Low,Abu Dhabi
EMP0369,Andrew Terrell,HR,Air traffic controller,jennifer02@morgan.info,2025-10-04,170352,Meets Expectations,4,High,Riyadh
EMP0370,Tina Rios,Legal,Hospital doctor,ladams@rich.com,2018-12-23,168424,Meets Expectations,2,High,Dubai
EMP0371,Tammy Allen,Marketing,Environmental health practitioner,suzannehodge@everett.com,2024-01-13,162112,Needs Improvement,1,High,Dubai
EMP0372,Mitchell Turner,Engineering,Geographical information systems officer,jenkinschristopher@brown.net,2022-05-21,177510,Meets Expectations,5,High,Abu Dhabi
EMP0373,Becky Warren,HR,"Research officer, political party",andrewsjohn@price.com,2018-10-07,131014,Critical,1,High,Abu Dhabi
EMP0374,Kristin Jones,Procurement,Immunologist,michael27@thomas.com,2019-03-02,173143,Exceeds Expectations,5,Medium,Dubai
EMP0375,Adrian Carpenter,Product,Secretary/administrator,teresasmith@griffin-smith.com,2021-07-04,79588,Critical,4,High,Dubai
EMP0376,Mary Harmon,Marketing,"Teacher, early years/pre",rhonda45@rush.com,2020-05-28,166209,Needs Improvement,6,Low,Remote
EMP0377,Jessica Everett,AI Research,Purchasing manager,cannonbobby@hays.info,2021-10-12,45790,Meets Expectations,5,Low,Dubai
EMP0378,Laurie Wilson,Legal,Learning mentor,timothyjones@byrd.com,2024-01-24,135316,Exceeds Expectations,5,Low,Dubai
EMP0379,Todd Jones,Product,"Engineer, petroleum",james93@lee.org,2022-07-16,53319,Needs Improvement,4,Low,Abu Dhabi
EMP0380,Michael Ward,Legal,Proofreader,longjames@smith-preston.com,2024-12-24,143162,Critical,4,Medium,Remote
EMP0381,Courtney Maxwell,Finance,"Doctor, hospital",millerdaniel@diaz.com,2023-10-30,79862,Needs Improvement,1,Low,Remote
EMP0382,Janet Anderson,Marketing,Waste management officer,gwilliams@livingston-adams.com,2020-06-05,78383,Meets Expectations,1,Low,Riyadh
EMP0383,Kristy Hunt,Product,Web designer,cedwards@briggs.info,2019-10-20,156182,Critical,2,Low,Remote
EMP0384,Barbara Nguyen,Sales,Sports therapist,mckayrussell@thompson.biz,2026-02-16,85664,Needs Improvement,2,High,Dubai
EMP0385,Billy Baker,Engineering,Stage manager,rodriguezjoshua@lee.com,2020-11-28,154901,Exceeds Expectations,2,Low,Dubai
EMP0386,Danielle Paul,Finance,Accommodation manager,bkent@hernandez.com,2024-01-09,53801,Critical,5,High,Dubai
EMP0387,Maria Meyer,Operations,Hospital doctor,kyle42@rodriguez.biz,2023-09-25,56596,Critical,4,Low,Abu Dhabi
EMP0388,William Alexander,Engineering,Electrical engineer,rhondamolina@tapia-sellers.com,2026-01-09,81735,Needs Improvement,2,High,Riyadh
EMP0389,Lauren Hill,Procurement,"Radiographer, therapeutic",benjamin29@williams.net,2025-12-11,129060,Meets Expectations,3,Low,Abu Dhabi
EMP0390,Jason Vaughn,Legal,Water quality scientist,cavery@smith-daniels.org,2022-08-24,123774,Needs Improvement,1,High,Abu Dhabi
EMP0391,Andrew Ibarra,Legal,Biomedical scientist,jim60@james.com,2020-05-22,174924,Exceeds Expectations,3,High,Remote
EMP0392,Diane Mcdonald,Marketing,Insurance underwriter,cedwards@pham.org,2022-03-08,128554,Critical,4,Low,Riyadh
EMP0393,Joshua Davis,Legal,Phytotherapist,dyerlinda@tyler-smith.com,2022-02-09,93202,Critical,2,Low,Riyadh
EMP0394,Kelsey Shaw,HR,Estate manager/land agent,brittany52@morales.com,2025-05-31,166379,Exceeds Expectations,5,Medium,Remote
EMP0395,Kylie Juarez,Marketing,"Scientist, research (medical)",garzabrett@powers.com,2021-05-23,80151,Critical,2,Medium,Abu Dhabi
EMP0396,Ronald Hensley,Sales,Magazine journalist,susanpruitt@todd-lopez.org,2023-06-01,65727,Critical,3,Low,Abu Dhabi
EMP0397,Heather Jackson,Engineering,"Presenter, broadcasting",monica36@shaw.info,2021-04-02,115375,Critical,6,High,Dubai
EMP0398,Michael Woods,Finance,Psychiatric nurse,arianamartin@myers-price.com,2018-07-27,94325,Meets Expectations,4,Low,Riyadh
EMP0399,Jacob Johnson,AI Research,"Conservator, furniture",ugay@long.com,2019-05-05,49019,Meets Expectations,2,High,Dubai
EMP0400,Janet Powell,Product,"Scientist, product/process development",gloverdakota@jimenez.com,2023-12-22,108594,Meets Expectations,4,Low,Riyadh
EMP0401,Robert Reed,AI Research,"Pharmacist, hospital",toddrandolph@kim.biz,2023-12-23,144788,Critical,5,High,Riyadh
EMP0402,Rachel Haas,AI Research,Gaffer,huberbrandon@hartman.com,2023-03-26,113566,Needs Improvement,5,Medium,Remote
EMP0403,Tiffany Murphy,Finance,Land/geomatics surveyor,eric42@watson.net,2018-06-22,168074,Needs Improvement,2,Medium,Riyadh
EMP0404,Debra Lang,Legal,Seismic interpreter,rubiojudith@walsh.com,2022-09-14,56984,Meets Expectations,6,Low,Dubai
EMP0405,Tristan Ruiz,AI Research,Textile designer,heidimack@jennings.com,2026-01-07,154465,Needs Improvement,2,Low,Riyadh
EMP0406,Teresa Luna,Operations,Metallurgist,rebecca63@lee.com,2020-12-22,144572,Meets Expectations,4,High,Riyadh
EMP0407,Frances Diaz,AI Research,Research scientist (physical sciences),tinafletcher@reyes.com,2022-07-18,173089,Critical,4,Low,Riyadh
EMP0408,Michael Williams,HR,Hospital pharmacist,alexis60@thomas-hernandez.info,2023-04-13,81689,Critical,2,High,Dubai
EMP0409,Jason Hernandez,Marketing,Licensed conveyancer,hreed@petersen.net,2019-03-17,53866,Exceeds Expectations,6,Low,Dubai
EMP0410,Jesse Williamson,Legal,Equality and diversity officer,msellers@paul.com,2025-01-06,81042,Meets Expectations,1,High,Abu Dhabi
EMP0411,Kathryn Cole,Engineering,Accounting technician,thomaskathryn@rogers.org,2020-04-23,102336,Critical,3,Low,Remote
EMP0412,Jessica Brown,Product,Data processing manager,gary20@walton-ramirez.org,2018-12-22,49123,Exceeds Expectations,5,High,Remote
EMP0413,Zachary Kim,Engineering,Magazine journalist,jennifer71@jones.com,2026-03-22,49384,Needs Improvement,5,Medium,Dubai
EMP0414,Jeffrey Johnston,Marketing,Tourism officer,mcdonaldnicole@glover.com,2021-12-13,157872,Meets Expectations,1,Low,Abu Dhabi
EMP0415,Tiffany Hancock,Operations,Amenity horticulturist,qwiggins@rhodes.com,2026-04-09,95313,Needs Improvement,3,Medium,Remote
EMP0416,Sydney Elliott,Finance,Secondary school teacher,xcantu@ellis.com,2023-07-18,142793,Critical,4,High,Abu Dhabi
EMP0417,Jennifer Gutierrez,Operations,Museum/gallery conservator,craigmathews@joseph.biz,2026-02-21,123636,Exceeds Expectations,6,High,Dubai
EMP0418,Thomas Weber,Finance,Counsellor,christensenchristopher@brown.net,2025-04-05,151241,Critical,4,High,Remote
EMP0419,Matthew Boone,Engineering,Software engineer,youngallison@graves.com,2022-04-16,47477,Meets Expectations,1,Medium,Remote
EMP0420,Thomas Gilmore,Sales,Occupational therapist,theresa65@scott.info,2020-11-19,69998,Exceeds Expectations,2,Low,Remote
EMP0421,Justin Cox,AI Research,Fast food restaurant manager,david44@hopkins.biz,2023-07-27,57205,Exceeds Expectations,6,Medium,Dubai
EMP0422,Mrs. Michele Wagner DVM,HR,Broadcast engineer,charles74@hendricks.biz,2018-12-26,127440,Exceeds Expectations,2,High,Abu Dhabi
EMP0423,Elizabeth Gordon,Legal,"Embryologist, clinical",williamswilliam@ortiz.org,2026-05-01,65168,Needs Improvement,2,High,Abu Dhabi
EMP0424,Edward Curtis,Procurement,Health and safety inspector,devingutierrez@jones-rivera.info,2020-08-17,147015,Needs Improvement,4,High,Abu Dhabi
EMP0425,Clayton Gallagher,Finance,Regulatory affairs officer,katherine77@powell.com,2018-08-24,176279,Needs Improvement,1,Low,Remote
EMP0426,Gabriela Murphy,Operations,Air cabin crew,vincentwalter@fuller.com,2024-09-03,64927,Needs Improvement,5,High,Remote
EMP0427,Claudia Bailey,Sales,Advertising account executive,james19@vincent.com,2021-10-13,52766,Needs Improvement,4,Medium,Abu Dhabi
EMP0428,Wendy Horne,Sales,Geochemist,olsenanthony@lin.com,2025-01-10,143415,Critical,2,High,Remote
EMP0429,Brian Petersen,Finance,"Loss adjuster, chartered",lewiskristin@bowen.biz,2023-08-31,122431,Meets Expectations,6,Low,Dubai
EMP0430,Carolyn Alexander,AI Research,"Therapist, music",jacksonpaige@ali-schmidt.net,2020-09-04,85428,Critical,6,High,Abu Dhabi
EMP0431,Bryan Wilson,Legal,"Journalist, newspaper",tara94@mckinney.com,2020-12-30,128015,Needs Improvement,1,Low,Dubai
EMP0432,Ryan Mann,AI Research,Publishing rights manager,daniel26@wolf.com,2024-02-23,161584,Needs Improvement,3,Low,Abu Dhabi
EMP0433,Jessica Bowen,Finance,"Designer, industrial/product",timothyjones@golden.com,2022-03-07,94123,Critical,4,High,Remote
EMP0434,Mitchell Todd,Finance,Human resources officer,watersdaniel@choi-morales.com,2025-12-15,51884,Exceeds Expectations,3,High,Dubai
EMP0435,Nicole Alvarez,Procurement,Data processing manager,nelsonjaime@swanson.net,2020-05-08,130047,Critical,1,Medium,Remote
EMP0436,John Carey,Legal,Management consultant,vcohen@hardin-cisneros.com,2024-07-29,67203,Meets Expectations,5,High,Abu Dhabi
EMP0437,Donna Ferrell,Legal,"Surveyor, rural practice",salinastheresa@hall-pena.org,2019-12-23,89433,Meets Expectations,3,Medium,Riyadh
EMP0438,Steven Flynn,Product,"Therapist, sports",robin97@thomas.com,2019-09-21,83255,Exceeds Expectations,2,Medium,Riyadh
EMP0439,David Mcfarland II,Legal,"Designer, ceramics/pottery",lisa01@miranda.info,2020-01-19,123578,Critical,1,Medium,Riyadh
EMP0440,Amber Wu,Operations,Tourism officer,fbenson@warren.com,2021-06-17,174971,Meets Expectations,4,Low,Abu Dhabi
EMP0441,John Shepard,AI Research,Meteorologist,jimmy76@sanders.biz,2022-04-10,46774,Critical,3,High,Remote
EMP0442,Louis Lee,Sales,Neurosurgeon,alvarezlisa@gross-diaz.net,2023-03-01,160401,Needs Improvement,4,High,Abu Dhabi
EMP0443,Scott Bradley,AI Research,Podiatrist,tfitzpatrick@bell-keller.com,2025-07-06,129060,Meets Expectations,4,Medium,Abu Dhabi
EMP0444,Jessica Williams,Legal,IT trainer,twallace@wall-pierce.biz,2024-11-10,128660,Needs Improvement,6,High,Remote
EMP0445,Whitney Turner,Procurement,Merchant navy officer,whitejonathan@schwartz.info,2020-01-29,108550,Needs Improvement,4,Medium,Remote
EMP0446,Melissa Wilson,Sales,"Administrator, education",gomezjanice@porter.com,2022-11-17,74855,Meets Expectations,5,High,Abu Dhabi
EMP0447,Heather Martin,Marketing,Building services engineer,kylecastillo@smith.com,2021-07-05,52055,Critical,6,Low,Remote
EMP0448,Amanda May,AI Research,"Producer, television/film/video",margaret73@ross-williams.com,2026-04-07,63129,Critical,6,Medium,Abu Dhabi
EMP0449,Isaac Mcgrath,AI Research,Agricultural consultant,marcusjones@foster.net,2024-07-26,108444,Needs Improvement,6,Low,Remote
EMP0450,Kimberly Park,Legal,"Engineer, technical sales",nathanhall@green.net,2019-03-17,64389,Critical,5,Medium,Remote
EMP0451,Victor Freeman,Marketing,Museum education officer,ericrodriguez@turner-cruz.org,2024-03-13,177805,Critical,5,Low,Riyadh
EMP0452,Leslie King,Marketing,Airline pilot,robinrobinson@rodriguez-hines.com,2024-07-03,67277,Exceeds Expectations,2,High,Riyadh
EMP0453,Alan Sandoval,HR,Consulting civil engineer,curtis21@schaefer.biz,2023-01-13,56612,Critical,3,Medium,Dubai
EMP0454,Joseph Smith,Engineering,"Therapist, drama",melinda58@miller.org,2022-07-31,70849,Needs Improvement,2,High,Abu Dhabi
EMP0455,Tammy Andrews,Product,"Therapist, drama",yfarrell@greene.com,2018-10-12,143073,Critical,4,High,Abu Dhabi
EMP0456,Alyssa Wilcox,Sales,"Pharmacist, hospital",joyceedwards@bonilla.com,2024-05-30,51438,Critical,1,Medium,Remote
EMP0457,Patrick Johnson,Finance,Health physicist,matthewrobinson@perez-king.org,2023-09-23,75426,Meets Expectations,3,Medium,Riyadh
EMP0458,Kayla Myers,Product,Set designer,sancheznathan@berry.info,2018-07-24,99229,Critical,3,Medium,Dubai
EMP0459,Charles Edwards,Product,Homeopath,tuckerkaren@gamble.info,2021-07-03,163606,Needs Improvement,1,Medium,Dubai
EMP0460,Joseph Becker,Finance,"Sales professional, IT",williamramirez@barrett.info,2021-07-01,50920,Needs Improvement,6,Low,Abu Dhabi
EMP0461,Debbie Hunter,Operations,Public librarian,mark22@harris-may.com,2025-09-04,90731,Meets Expectations,3,High,Remote
EMP0462,Daniel Ortiz,Product,Social worker,brandonsmith@rios-schroeder.net,2022-08-13,105779,Critical,6,Low,Abu Dhabi
EMP0463,Eric Reynolds,Legal,"Teacher, music",warmstrong@fisher.com,2020-06-13,148699,Exceeds Expectations,6,High,Abu Dhabi
EMP0464,Stephanie Henry,Product,Ecologist,jamiegarrett@tyler.org,2023-07-25,157604,Critical,1,High,Abu Dhabi
EMP0465,Robert Miranda,Operations,"Scientist, biomedical",cartercarrie@thompson-thompson.net,2020-04-09,117966,Exceeds Expectations,5,Low,Abu Dhabi
EMP0466,Timothy Weaver,Sales,Water engineer,andrewmooney@snow-carroll.com,2021-09-02,130454,Meets Expectations,4,Low,Riyadh
EMP0467,Jonathan Bauer,Product,"Surveyor, minerals",roy70@cruz.com,2024-07-09,127157,Critical,5,Medium,Dubai
EMP0468,Edward Richard,Sales,Police officer,klee@mitchell.com,2019-05-22,137270,Critical,5,Low,Riyadh
EMP0469,James Mcknight,Procurement,"Administrator, local government",jmartinez@quinn.biz,2018-10-17,67217,Meets Expectations,3,Low,Abu Dhabi
EMP0470,Anthony Merritt,AI Research,Oncologist,crystalrodriguez@dennis-hayes.com,2018-08-20,75657,Meets Expectations,3,High,Abu Dhabi
EMP0471,Allen Nicholson,Marketing,Software engineer,james22@johnson.com,2024-05-28,146833,Critical,5,Low,Remote
EMP0472,Nancy Miller,Legal,Chartered management accountant,tammymccormick@guerrero.com,2019-12-14,93694,Critical,6,High,Abu Dhabi
EMP0473,Corey Wilson,Marketing,"Programmer, multimedia",thomascameron@owen-whitaker.net,2022-11-16,88742,Critical,3,Low,Abu Dhabi
EMP0474,Danielle Ortiz,Sales,Physiological scientist,rebekah18@williams.com,2020-12-05,163227,Exceeds Expectations,3,Low,Remote
EMP0475,Monica Wilcox,HR,Health physicist,sholden@herring.biz,2025-10-14,96151,Critical,5,High,Remote
EMP0476,Carla Scott,Legal,Insurance broker,amber39@johnson.com,2020-01-10,173902,Critical,6,Medium,Remote
EMP0477,Brian Rogers,HR,"Lecturer, further education",andrewmiller@griffin.com,2023-10-16,66671,Exceeds Expectations,2,Medium,Dubai
EMP0478,Gregory Oconnell,AI Research,Geoscientist,gloria55@randolph-soto.com,2024-09-19,103941,Needs Improvement,2,Medium,Remote
EMP0479,Russell Wells,Marketing,Financial planner,imartinez@mathis.com,2022-10-07,178904,Exceeds Expectations,5,Low,Riyadh
EMP0480,Kimberly Travis,Marketing,Gaffer,rhondarussell@horton-pittman.info,2024-12-30,141170,Exceeds Expectations,6,Medium,Abu Dhabi
EMP0481,Sharon Garza,Legal,Banker,bowersbarry@rogers.biz,2021-07-02,71847,Meets Expectations,3,Low,Remote
EMP0482,Daniel Odonnell,AI Research,Corporate investment banker,tony87@coleman.com,2024-08-10,136377,Exceeds Expectations,4,Low,Abu Dhabi
EMP0483,Michael Morris,Operations,Diplomatic Services operational officer,anthonyhardin@carney.net,2019-10-08,136915,Critical,2,High,Abu Dhabi
EMP0484,Ashley Gonzalez,Operations,Media buyer,reeserussell@ritter.com,2024-03-23,99248,Exceeds Expectations,5,Medium,Riyadh
EMP0485,Jennifer Forbes,Procurement,Geoscientist,richardsseth@cole.org,2020-03-27,89139,Needs Improvement,6,Medium,Riyadh
EMP0486,Miss Alison Thompson MD,Procurement,"Administrator, arts",samanthagreen@smith.com,2025-10-08,115082,Exceeds Expectations,2,Medium,Dubai
EMP0487,Kyle Johnson,AI Research,Freight forwarder,ztran@hood.org,2025-12-13,78262,Meets Expectations,2,Low,Riyadh
EMP0488,Lisa Scott,Operations,"Therapist, music",marissathompson@franco-moore.org,2022-06-30,147944,Critical,2,High,Riyadh
EMP0489,Duane Lewis,Legal,Insurance risk surveyor,robbinskelsey@hendricks.org,2025-04-30,143349,Critical,1,High,Dubai
EMP0490,James Ramirez,Legal,Chiropractor,kimberly93@green-townsend.com,2019-09-26,117935,Needs Improvement,4,Medium,Riyadh
EMP0491,Catherine Jimenez DVM,Procurement,Gaffer,mclaughlinamy@harding-ryan.info,2024-08-22,45648,Exceeds Expectations,6,Medium,Riyadh
EMP0492,Danielle White,Finance,Contractor,benjamin48@wells.com,2022-08-26,149258,Meets Expectations,4,Low,Remote
EMP0493,Elizabeth Adams,AI Research,"Editor, magazine features",christopher01@shelton.com,2021-03-20,129637,Needs Improvement,3,High,Abu Dhabi
EMP0494,Cheryl Conner,Procurement,Hospital doctor,april62@foley.org,2023-09-09,172228,Needs Improvement,6,Low,Dubai
EMP0495,Jeremy Adkins,Finance,"Producer, radio",garzatodd@esparza-mitchell.com,2024-09-01,165476,Exceeds Expectations,1,Low,Remote
EMP0496,Rachel Barrett,Product,"Engineer, civil (consulting)",jay56@newton.com,2020-10-28,45177,Critical,2,High,Abu Dhabi
EMP0497,Lisa Williams,AI Research,Hotel manager,nicholastaylor@phillips.com,2021-01-06,86674,Needs Improvement,1,High,Riyadh
EMP0498,David Ross,AI Research,"Engineer, energy",kevin57@vargas.biz,2024-12-01,66606,Needs Improvement,6,High,Abu Dhabi
EMP0499,Jason Edwards,Engineering,"Surveyor, hydrographic",aaguilar@howell.com,2024-02-10,148898,Needs Improvement,6,High,Abu Dhabi
EMP0500,Jamie Valentine,Legal,Art therapist,carolynrodriguez@hamilton.net,2021-09-01,68907,Exceeds Expectations,1,Low,Remote
